"","x.state","ssbsugr2","se"
"10",10,3.80329425171039,0.282170234975333
"18",18,4.67989049940534,0.17801163749238
"19",19,3.52502206758689,0.13682921075005
"28",28,5.03833940803784,0.286593801966119
"34",34,2.14344106337203,0.19252885428252
"36",36,2.53085186696671,0.138817125225801
"54",54,4.56948863566175,0.137834299554581
